{
	"name": " Intercopter Factory",
	"description": "Makes Fast Drone units.",
	"type": "UnitFactory",
	"unitType": "machinegunner",
	"size": 2,
	"produceTime": 1325,
	"consumes": {
		"power": 1.0,
		"items": {
			"items": [
				{"item": "silicon", "amount": 10},
				{"item": "uran", "amount": 5},
				{"item": "titanium", "amount":20}
			]
		}
	},
	"category": "units",
	"research": "titan-factory",
	"requirements": [
		{ "item": "uran", "amount": 40 },
		{ "item": "iron", "amount": 120 },
		{ "item": "steel", "amount": 80 },
		{ "item": "titanium", "amount": 90 }
	]
}
