{
	"type": "GenericCrafter",
	"name": "Ammo Crafter",
	"description": "Crafting More Ammo.",
	"liquidCapacity": 50,
	"outputItem": {"item" : "Ammo", "amount": 2.0},
	"size": 2,
	"hasPower": true,
	"hasLiquids": true,
	"craftTime": 70,
	"updateEffect": "smeltsmoke",
	"consumes": {
		"power": 1.2,
		"items": {
			"items": [
				{ "item": "graphite", "amount": 2 },
				{ "item": "blast-compound", "amount": 1}
			]
		},
		"liquid": {
			"liquid": "mazut",
			"amount": 0.1
		}
	    },
	"requirements": [
		{ "item": "lead", "amount": 90 },
		{ "item": "copper", "amount": 200 },
		{ "item": "graphite", "amount": 150 }
	],
	"category": "crafting",
	"research": "pyratite-mixer",
	"idleSound": "respawning",
	"idleSoundVolume": 0.5
}
