{
	"type": "GenericSmelter",
	"name": "Powder Stirrer",
	"description": "",
	"liquidCapacity": 50,
	"outputItem": {"item": "gunpowder", "amount": 1},
	"size": 2,
	"hasPower": true,
	"hasLiquids": true,
	"hasItems": true,
	"craftTime": 60,
	"updateEffect": "smeltsmoke",
	"consumes": {
		"power": 1.2,
		"items": {
			"items": [
				{ "item": "sulfur", "amount": 2 }
			]
		},
		"liquid": {
			"liquid": "oil",
			"amount": 0.2
		}
	},
	"requirements": [
		{ "item": "lead", "amount": 120 },
		{ "item": "thorium", "amount": 70 },
		{ "item": "silicon", "amount": 90 },
		{ "item": "graphite", "amount": 150 }
	],
	"category": "crafting",
	"research": "pyratite-mixer",
	"idleSound": "respawning",
	"idleSoundVolume": 0.5
}
