{
	"type": "chargeTurret",
	"name": "RailGun",
	"description": "Not rail Gun :P",
	"targetAir": false,
	"targetGround": true,
	"health": 650,
	"size": 2,
	"inaccuracy": 20,
	"chargeTime": 80,
    "chargeMaxDelay": 100,
    "chargeEffects": 2,
	"recoil": 2,
	"shootType": "lancerLaser",
	"shootEffect": "lancerLaserShoot",
    "smokeEffect": "lancerLaserShootSmoke",
    "chargeEffect": "lancerLaserCharge",
    "chargeBeginEffect": "lancerLaserChargeBegin",
	"powerUse": 2.8,
    "shootShake": 3.8,
	"reload": 30,
	"length": 300,
	"shootCone": 500,
	"rotateSpeed": 30,
	"shots": 1,
	"range": 100,
	"burstSpacing": 90,
	"damage": 75,
	"requirements": [
		{ "item": "titanium", "amount": 60 },
		{ "item": "thorium", "amount": 155 },
		{ "item": "uran", "amount": 95 }
	],
	"category": "turret",
	"shootSound": "laser"
}
