{
	"name": "Chrome Wraith Factory",
	"description": "Makes Chrome Wraith units.",
	"type": "UnitFactory",
	"unitType": "UranMiner",
	"size": 2,
	"produceTime": 350,
	"consumes": {
		"power": 1.0,
		"items": {
			"items": [
				{"item": "silicon", "amount": 10},
				{"item": "uran", "amount": 10},
				{"item": "steel", "amount":10}
			]
		}
	},
	"category": "units",
	"research": "titan-factory",
	"requirements": [
		{ "item": "uran", "amount": 50 },
		{ "item": "iron", "amount": 70 },
		{ "item": "steel", "amount": 30 },
		{ "item": "titanium", "amount": 45 }
	]
}
